"","Campaign.id","Date","Click.count"
"1",3001,"2018-08-29",22231
"2",3001,"2018-08-30",19739
"3",3001,"2018-08-31",15102
"4",3001,"2018-09-01",127
"5",3001,"2018-09-02",80
"6",3001,"2018-09-03",75
"7",3001,"2018-09-04",1006
"8",3001,"2018-09-05",1737
"9",3001,"2018-09-06",1150
"10",3001,"2018-09-07",1117
"11",3001,"2018-09-08",1267
"12",3001,"2018-09-09",1293
"13",3001,"2018-09-10",1385
"14",3001,"2018-09-11",1427
"15",3001,"2018-09-12",1291
"16",3001,"2018-09-13",1320
"17",3001,"2018-09-14",1771
"18",3001,"2018-09-15",1571
"19",3001,"2018-09-16",1502
"20",3001,"2018-09-17",6638
"21",3001,"2018-09-18",2979
"22",3001,"2018-09-19",4086
"23",3001,"2018-09-20",4737
"24",3001,"2018-09-21",6942
"25",3001,"2018-09-22",12173
"26",3001,"2018-09-23",23619
"27",3001,"2018-09-24",11744
"28",3001,"2018-09-25",14811
"29",3001,"2018-09-26",15472
"30",3001,"2018-09-27",2423
"31",3001,"2018-09-28",26226
"32",3001,"2018-09-29",33686
"33",3001,"2018-09-30",709
"34",3001,"2018-10-01",1322
"35",3001,"2018-10-02",770
"36",3001,"2018-10-03",1111
"37",3001,"2018-10-04",819
"38",3001,"2018-10-05",2380
"39",3001,"2018-10-06",1822
"40",3001,"2018-10-07",2812
"41",3001,"2018-10-08",1987
"42",3001,"2018-10-09",2145
"43",3001,"2018-10-10",1927
"44",3001,"2018-10-11",2260
"45",3001,"2018-10-12",1748
"46",3001,"2018-10-13",2281
"47",3001,"2018-10-14",1894
"48",3001,"2018-10-15",1927
"49",3001,"2018-10-16",1939
"50",3001,"2018-10-17",1796
"51",3001,"2018-10-18",1909
"52",3001,"2018-10-19",1775
"53",3001,"2018-10-20",2119
"54",3001,"2018-10-21",1947
"55",3001,"2018-10-22",2022
"56",3001,"2018-10-23",1846
"57",3001,"2018-10-24",1246
"58",3001,"2018-10-25",790
"59",3001,"2018-10-26",740
"60",3001,"2018-10-27",768
"61",3001,"2018-10-28",711
"62",3001,"2018-10-29",208
"63",3001,"2018-10-30",47
"64",3001,"2018-10-31",342
"65",3001,"2018-11-01",1183
"66",3001,"2018-11-02",1210
"67",3001,"2018-11-03",1151
"68",3001,"2018-11-04",1036
"69",3001,"2018-11-05",1081
"70",3001,"2018-11-06",677
"71",3001,"2018-11-07",870
"72",3001,"2018-11-08",706
"73",3001,"2018-11-09",808
"74",3001,"2018-11-10",791
"75",3001,"2018-11-11",627
"76",3001,"2018-11-12",894
"77",3001,"2018-11-13",714
"78",3001,"2018-11-14",729
"79",3001,"2018-11-15",668
"80",3001,"2018-11-16",771
"81",3001,"2018-11-17",867
"82",3001,"2018-11-18",697
"83",3001,"2018-11-19",896
"84",3001,"2018-11-20",575
"85",3001,"2018-11-21",859
"86",3001,"2018-11-22",632
"87",3001,"2018-11-23",897
"88",3001,"2018-11-24",707
"89",3001,"2018-11-25",699
"90",3001,"2018-11-26",734
"91",3001,"2018-11-27",741
"92",3001,"2018-11-28",220
"93",3001,"2018-11-29",35
"94",3001,"2018-11-30",24
"95",3001,"2018-12-01",17
"96",3001,"2018-12-02",17
"97",3001,"2018-12-03",1027
"98",3001,"2018-12-04",549
"99",3001,"2018-12-05",638
"100",3001,"2018-12-06",593
"101",3001,"2018-12-07",863
"102",3001,"2018-12-08",757
"103",3001,"2018-12-09",565
"104",3001,"2018-12-10",709
"105",3001,"2018-12-11",707
"106",3001,"2018-12-12",611
"107",3001,"2018-12-13",613
"108",3001,"2018-12-14",763
"109",3001,"2018-12-15",711
"110",3001,"2018-12-16",767
"111",3001,"2018-12-17",763
"112",3001,"2018-12-18",757
"113",3001,"2018-12-19",729
"114",3001,"2018-12-20",771
"115",3001,"2018-12-21",776
"116",3001,"2018-12-22",779
"117",3001,"2018-12-23",728
"118",3001,"2018-12-24",821
"119",3001,"2018-12-25",789
"120",3001,"2018-12-26",793
"121",3001,"2018-12-27",702
"122",3001,"2018-12-28",730
"123",3001,"2018-12-29",753
"124",3001,"2018-12-30",26
"125",3001,"2018-12-31",21
"126",3001,"2019-01-01",17
"127",3001,"2019-01-02",15
"128",3001,"2019-01-03",11
"129",3001,"2019-01-04",1808
"130",3001,"2019-01-05",606
"131",3001,"2019-01-06",1571
"132",3001,"2019-01-07",1043
"133",3001,"2019-01-08",1372
"134",3001,"2019-01-09",1005
"135",3001,"2019-01-10",3100
"136",3001,"2019-01-11",2709
"137",3001,"2019-01-12",2925
"138",3001,"2019-01-13",3363
"139",3001,"2019-01-14",1417
"140",3001,"2019-01-15",1478
"141",3001,"2019-01-16",1405
"142",3001,"2019-01-17",1748
"143",3001,"2019-01-18",1598
"144",3001,"2019-01-19",1717
"145",3001,"2019-01-20",3304
"146",3001,"2019-01-21",737
"147",3001,"2019-01-22",397
"148",3001,"2019-01-23",5
"149",3001,"2019-01-24",5
"150",3001,"2019-01-25",473
"151",3001,"2019-01-26",4431
"152",3001,"2019-01-27",3903
"153",3001,"2019-01-28",4104
"154",3001,"2019-01-29",12547
"155",3001,"2019-01-30",4479
"156",3001,"2019-01-31",175
"157",8801,"2018-08-29",500
"158",8801,"2018-08-30",2306
"159",8801,"2018-08-31",1780
"160",8801,"2018-09-01",371
"161",8801,"2018-09-02",384
"162",8801,"2018-09-03",376
"163",8801,"2018-09-04",409
"164",8801,"2018-09-05",405
"165",8801,"2018-09-06",373
"166",8801,"2018-09-07",350
"167",8801,"2018-09-08",333
"168",8801,"2018-09-09",326
"169",8801,"2018-09-10",330
"170",8801,"2018-09-11",356
"171",8801,"2018-09-12",406
"172",8801,"2018-09-13",406
"173",8801,"2018-09-14",431
"174",8801,"2018-09-15",391
"175",8801,"2018-09-16",358
"176",8801,"2018-09-17",449
"177",8801,"2018-09-18",324
"178",8801,"2018-09-19",336
"179",8801,"2018-09-20",857
"180",8801,"2018-09-21",858
"181",8801,"2018-09-22",724
"182",8801,"2018-09-23",795
"183",8801,"2018-09-24",796
"184",8801,"2018-09-25",744
"185",8801,"2018-09-26",696
"186",8801,"2018-09-27",748
"187",8801,"2018-09-28",846
"188",8801,"2018-09-29",859
"189",8801,"2018-09-30",1127
"190",8801,"2018-10-01",1212
"191",8801,"2018-10-02",1030
"192",8801,"2018-10-03",1283
"193",8801,"2018-10-04",1959
"194",8801,"2018-10-05",2187
"195",8801,"2018-10-06",2093
"196",8801,"2018-10-07",2349
"197",8801,"2018-10-08",1849
"198",8801,"2018-10-09",1881
"199",8801,"2018-10-10",2258
"200",8801,"2018-10-11",1860
"201",8801,"2018-10-12",1822
"202",8801,"2018-10-13",1548
"203",8801,"2018-10-14",1171
"204",8801,"2018-10-15",953
"205",8801,"2018-10-16",3268
"206",8801,"2018-10-17",2890
"207",8801,"2018-10-18",3656
"208",8801,"2018-10-19",3169
"209",8801,"2018-10-20",3185
"210",8801,"2018-10-21",3200
"211",8801,"2018-10-22",3061
"212",8801,"2018-10-23",2941
"213",8801,"2018-10-24",3242
"214",8801,"2018-10-25",3042
"215",8801,"2018-10-26",3373
"216",8801,"2018-10-27",2283
"217",8801,"2018-10-28",2171
"218",8801,"2018-10-29",2322
"219",8801,"2018-10-30",2108
"220",8801,"2018-10-31",2669
"221",8801,"2018-11-01",732
"222",8801,"2018-11-02",768
"223",8801,"2018-11-03",838
"224",8801,"2018-11-04",588
"225",8801,"2018-11-05",779
"226",8801,"2018-11-06",1043
"227",8801,"2018-11-07",1930
"228",8801,"2018-11-08",3003
"229",8801,"2018-11-09",3045
"230",8801,"2018-11-10",4137
"231",8801,"2018-11-11",3821
"232",8801,"2018-11-12",3652
"233",8801,"2018-11-13",3472
"234",8801,"2018-11-14",3818
"235",8801,"2018-11-15",3906
"236",8801,"2018-11-16",3039
"237",8801,"2018-11-17",2132
"238",8801,"2018-11-18",3362
"239",8801,"2018-11-19",3489
"240",8801,"2018-11-20",4169
"241",8801,"2018-11-21",2950
"242",8801,"2018-11-22",4220
"243",8801,"2018-11-23",3160
"244",8801,"2018-11-24",3740
"245",8801,"2018-11-25",3419
"246",8801,"2018-11-26",4210
"247",8801,"2018-11-27",5407
"248",8801,"2018-11-28",4486
"249",8801,"2018-11-29",7782
"250",8801,"2018-11-30",449
"251",8801,"2018-12-01",202
"252",8801,"2018-12-02",133
"253",8801,"2018-12-03",112
"254",8801,"2018-12-04",92
"255",8801,"2018-12-05",107
"256",8801,"2018-12-06",78
"257",8801,"2018-12-07",76
"258",8801,"2018-12-08",83
"259",8801,"2018-12-09",62
"260",8801,"2018-12-10",47
"261",8801,"2018-12-11",69
"262",8801,"2018-12-12",46
"263",8801,"2018-12-13",53
"264",8801,"2018-12-14",39
"265",8801,"2018-12-15",33
"266",8801,"2018-12-16",36
"267",8801,"2018-12-17",35
"268",8801,"2018-12-18",32
"269",8801,"2018-12-19",31
"270",8801,"2018-12-20",28
"271",8801,"2018-12-21",36
"272",8801,"2018-12-22",29
"273",8801,"2018-12-23",23
"274",8801,"2018-12-24",21
"275",8801,"2018-12-25",26
"276",8801,"2018-12-26",22
"277",8801,"2018-12-27",12
"278",8801,"2018-12-28",17
"279",8801,"2018-12-29",23
"280",8801,"2018-12-30",17
"281",8801,"2018-12-31",7
"282",8801,"2019-01-02",15
"283",8801,"2019-01-03",23
"284",8801,"2019-01-04",273
"285",8801,"2019-01-05",245
"286",8801,"2019-01-06",854
"287",8801,"2019-01-07",856
"288",8801,"2019-01-08",748
"289",8801,"2019-01-09",851
"290",8801,"2019-01-10",848
"291",8801,"2019-01-11",419
"292",8801,"2019-01-12",448
"293",8801,"2019-01-13",436
"294",8801,"2019-01-14",523
"295",8801,"2019-01-15",4188
"296",8801,"2019-01-16",4181
"297",8801,"2019-01-17",4511
"298",8801,"2019-01-18",4530
"299",8801,"2019-01-19",4771
"300",8801,"2019-01-20",22886
"301",8801,"2019-01-21",27806
"302",8801,"2019-01-22",24620
"303",8801,"2019-01-23",3
"304",8801,"2019-01-24",2
"305",8801,"2019-01-25",139
"306",8801,"2019-01-26",918
"307",8801,"2019-01-27",836
"308",8801,"2019-01-28",677
"309",8801,"2019-01-29",762
"310",8801,"2019-01-30",552
"311",8801,"2019-01-31",194
"312",11801,"2018-08-29",6172
"313",11801,"2018-08-30",626
"314",11801,"2018-08-31",408
"315",11801,"2018-09-01",30
"316",11801,"2018-09-02",16
"317",11801,"2018-09-03",13
"318",11801,"2018-09-04",11
"319",11801,"2018-09-05",12
"320",11801,"2018-09-06",14
"321",11801,"2018-09-07",13
"322",11801,"2018-09-08",4
"323",11801,"2018-09-09",4
"324",11801,"2018-09-10",1598
"325",11801,"2018-09-11",699
"326",11801,"2018-09-12",765
"327",11801,"2018-09-13",1054
"328",11801,"2018-09-14",11844
"329",11801,"2018-09-15",12619
"330",11801,"2018-09-16",13433
"331",11801,"2018-09-17",10806
"332",11801,"2018-09-18",10161
"333",11801,"2018-09-19",12405
"334",11801,"2018-09-20",11372
"335",11801,"2018-09-21",11847
"336",11801,"2018-09-22",6438
"337",11801,"2018-09-23",10357
"338",11801,"2018-09-24",10866
"339",11801,"2018-09-25",11292
"340",11801,"2018-09-26",5169
"341",11801,"2018-09-27",7635
"342",11801,"2018-09-28",14581
"343",11801,"2018-09-29",13117
"344",11801,"2018-09-30",645
"345",11801,"2018-10-01",1441
"346",11801,"2018-10-02",1421
"347",11801,"2018-10-03",2217
"348",11801,"2018-10-04",1978
"349",11801,"2018-10-05",1495
"350",11801,"2018-10-06",1215
"351",11801,"2018-10-07",1060
"352",11801,"2018-10-08",4162
"353",11801,"2018-10-09",5316
"354",11801,"2018-10-10",5188
"355",11801,"2018-10-11",4885
"356",11801,"2018-10-12",5284
"357",11801,"2018-10-13",4340
"358",11801,"2018-10-14",4366
"359",11801,"2018-10-15",6194
"360",11801,"2018-10-16",4820
"361",11801,"2018-10-17",4731
"362",11801,"2018-10-18",4676
"363",11801,"2018-10-19",4885
"364",11801,"2018-10-20",4510
"365",11801,"2018-10-21",4401
"366",11801,"2018-10-22",2167
"367",11801,"2018-10-23",27162
"368",11801,"2018-10-24",21630
"369",11801,"2018-10-25",5262
"370",11801,"2018-10-26",7813
"371",11801,"2018-10-27",9926
"372",11801,"2018-10-28",14420
"373",11801,"2018-10-29",7299
"374",11801,"2018-10-30",373
"375",11801,"2018-10-31",262
"376",11801,"2018-11-01",220
"377",11801,"2018-11-02",220
"378",11801,"2018-11-03",169
"379",11801,"2018-11-04",137
"380",11801,"2018-11-05",139
"381",11801,"2018-11-06",92
"382",11801,"2018-11-07",119
"383",11801,"2018-11-08",97
"384",11801,"2018-11-09",100
"385",11801,"2018-11-10",104
"386",11801,"2018-11-11",99
"387",11801,"2018-11-12",77
"388",11801,"2018-11-13",68
"389",11801,"2018-11-14",67
"390",11801,"2018-11-15",60
"391",11801,"2018-11-16",57
"392",11801,"2018-11-17",72
"393",11801,"2018-11-18",49
"394",11801,"2018-11-19",47
"395",11801,"2018-11-20",43
"396",11801,"2018-11-21",40
"397",11801,"2018-11-22",34
"398",11801,"2018-11-23",34
"399",11801,"2018-11-24",48
"400",11801,"2018-11-25",57
"401",11801,"2018-11-26",46
"402",11801,"2018-11-27",34
"403",11801,"2018-11-28",31
"404",11801,"2018-11-29",30
"405",11801,"2018-11-30",39
"406",11801,"2018-12-01",44
"407",11801,"2018-12-02",42
"408",11801,"2018-12-03",22
"409",11801,"2018-12-04",25
"410",11801,"2018-12-05",31
"411",11801,"2018-12-06",23
"412",11801,"2018-12-07",22
"413",11801,"2018-12-08",28
"414",11801,"2018-12-09",21
"415",11801,"2018-12-10",34
"416",11801,"2018-12-11",27
"417",11801,"2018-12-12",25
"418",11801,"2018-12-13",31
"419",11801,"2018-12-14",21
"420",11801,"2018-12-15",20
"421",11801,"2018-12-16",22
"422",11801,"2018-12-17",20
"423",11801,"2018-12-18",17
"424",11801,"2018-12-19",27
"425",11801,"2018-12-20",18
"426",11801,"2018-12-21",20
"427",11801,"2018-12-22",17
"428",11801,"2018-12-23",16
"429",11801,"2018-12-24",16
"430",11801,"2018-12-25",21
"431",11801,"2018-12-26",16
"432",11801,"2018-12-27",13
"433",11801,"2018-12-28",9
"434",11801,"2018-12-29",15
"435",11801,"2018-12-30",14
"436",11801,"2018-12-31",1
"437",11801,"2019-01-02",10
"438",11801,"2019-01-03",13
"439",11801,"2019-01-04",10
"440",11801,"2019-01-05",16
"441",11801,"2019-01-06",13
"442",11801,"2019-01-07",8
"443",11801,"2019-01-08",7
"444",11801,"2019-01-09",8
"445",11801,"2019-01-10",11
"446",11801,"2019-01-11",9
"447",11801,"2019-01-12",11
"448",11801,"2019-01-13",15
"449",11801,"2019-01-14",7
"450",11801,"2019-01-15",14
"451",11801,"2019-01-16",12
"452",11801,"2019-01-17",10
"453",11801,"2019-01-18",7
"454",11801,"2019-01-19",12
"455",11801,"2019-01-20",10
"456",11801,"2019-01-21",8
"457",11801,"2019-01-22",3
"458",11801,"2019-01-25",2
"459",11801,"2019-01-26",8
"460",11801,"2019-01-27",9
"461",11801,"2019-01-28",2
"462",11801,"2019-01-29",7
"463",11801,"2019-01-30",10
"464",11801,"2019-01-31",7
"465",12501,"2018-08-29",2617
"466",12501,"2018-08-30",19
"467",12501,"2018-08-31",22
"468",12501,"2018-09-01",8
"469",12501,"2018-09-02",15
"470",12501,"2018-09-03",3
"471",12501,"2018-09-04",9
"472",12501,"2018-09-05",12
"473",12501,"2018-09-06",10
"474",12501,"2018-09-07",15
"475",12501,"2018-09-08",11
"476",12501,"2018-09-09",8
"477",12501,"2018-09-10",1458
"478",12501,"2018-09-11",749
"479",12501,"2018-09-12",903
"480",12501,"2018-09-13",1076
"481",12501,"2018-09-14",1170
"482",12501,"2018-09-15",1136
"483",12501,"2018-09-16",1288
"484",12501,"2018-09-17",7716
"485",12501,"2018-09-18",5335
"486",12501,"2018-09-19",9220
"487",12501,"2018-09-20",9052
"488",12501,"2018-09-21",8735
"489",12501,"2018-09-22",5730
"490",12501,"2018-09-23",12587
"491",12501,"2018-09-24",9937
"492",12501,"2018-09-25",10394
"493",12501,"2018-09-26",6871
"494",12501,"2018-09-27",2599
"495",12501,"2018-09-28",19152
"496",12501,"2018-09-29",9296
"497",12501,"2018-09-30",542
"498",12501,"2018-10-01",1151
"499",12501,"2018-10-02",1004
"500",12501,"2018-10-03",5250
"501",12501,"2018-10-04",3688
"502",12501,"2018-10-05",2876
"503",12501,"2018-10-06",1692
"504",12501,"2018-10-07",1260
"505",12501,"2018-10-08",3567
"506",12501,"2018-10-09",4879
"507",12501,"2018-10-10",4553
"508",12501,"2018-10-11",4629
"509",12501,"2018-10-12",5396
"510",12501,"2018-10-13",3682
"511",12501,"2018-10-14",3826
"512",12501,"2018-10-15",8718
"513",12501,"2018-10-16",8133
"514",12501,"2018-10-17",7258
"515",12501,"2018-10-18",3498
"516",12501,"2018-10-19",4262
"517",12501,"2018-10-20",4439
"518",12501,"2018-10-21",3980
"519",12501,"2018-10-22",1421
"520",12501,"2018-10-23",22846
"521",12501,"2018-10-24",21065
"522",12501,"2018-10-25",4850
"523",12501,"2018-10-26",6197
"524",12501,"2018-10-27",5867
"525",12501,"2018-10-28",6500
"526",12501,"2018-10-29",63258
"527",12501,"2018-10-30",312
"528",12501,"2018-10-31",216
"529",12501,"2018-11-01",191
"530",12501,"2018-11-02",187
"531",12501,"2018-11-03",128
"532",12501,"2018-11-04",121
"533",12501,"2018-11-05",100
"534",12501,"2018-11-06",87
"535",12501,"2018-11-07",88
"536",12501,"2018-11-08",75
"537",12501,"2018-11-09",73
"538",12501,"2018-11-10",72
"539",12501,"2018-11-11",55
"540",12501,"2018-11-12",59
"541",12501,"2018-11-13",56
"542",12501,"2018-11-14",50
"543",12501,"2018-11-15",45
"544",12501,"2018-11-16",54
"545",12501,"2018-11-17",41
"546",12501,"2018-11-18",54
"547",12501,"2018-11-19",44
"548",12501,"2018-11-20",45
"549",12501,"2018-11-21",38
"550",12501,"2018-11-22",34
"551",12501,"2018-11-23",34
"552",12501,"2018-11-24",36
"553",12501,"2018-11-25",31
"554",12501,"2018-11-26",32
"555",12501,"2018-11-27",26
"556",12501,"2018-11-28",37
"557",12501,"2018-11-29",25
"558",12501,"2018-11-30",26
"559",12501,"2018-12-01",18
"560",12501,"2018-12-02",26
"561",12501,"2018-12-03",28
"562",12501,"2018-12-04",13
"563",12501,"2018-12-05",26
"564",12501,"2018-12-06",17
"565",12501,"2018-12-07",24
"566",12501,"2018-12-08",17
"567",12501,"2018-12-09",27
"568",12501,"2018-12-10",17
"569",12501,"2018-12-11",19
"570",12501,"2018-12-12",15
"571",12501,"2018-12-13",20
"572",12501,"2018-12-14",24
"573",12501,"2018-12-15",15
"574",12501,"2018-12-16",15
"575",12501,"2018-12-17",19
"576",12501,"2018-12-18",20
"577",12501,"2018-12-19",27
"578",12501,"2018-12-20",8
"579",12501,"2018-12-21",24
"580",12501,"2018-12-22",16
"581",12501,"2018-12-23",12
"582",12501,"2018-12-24",20
"583",12501,"2018-12-25",10
"584",12501,"2018-12-26",12
"585",12501,"2018-12-27",10
"586",12501,"2018-12-28",8
"587",12501,"2018-12-29",8
"588",12501,"2018-12-30",11
"589",12501,"2019-01-02",14
"590",12501,"2019-01-03",979
"591",12501,"2019-01-04",587
"592",12501,"2019-01-05",618
"593",12501,"2019-01-06",659
"594",12501,"2019-01-07",647
"595",12501,"2019-01-08",676
"596",12501,"2019-01-09",3896
"597",12501,"2019-01-10",2820
"598",12501,"2019-01-11",2344
"599",12501,"2019-01-12",2992
"600",12501,"2019-01-13",3151
"601",12501,"2019-01-14",2236
"602",12501,"2019-01-15",2234
"603",12501,"2019-01-16",2514
"604",12501,"2019-01-17",2744
"605",12501,"2019-01-18",2041
"606",12501,"2019-01-19",3113
"607",12501,"2019-01-20",2912
"608",12501,"2019-01-21",1513
"609",12501,"2019-01-22",452
"610",12501,"2019-01-25",570
"611",12501,"2019-01-26",1932
"612",12501,"2019-01-27",2046
"613",12501,"2019-01-28",2284
"614",12501,"2019-01-29",7064
"615",12501,"2019-01-30",8225
"616",12501,"2019-01-31",373
"617",12502,"2018-08-30",1
"618",12502,"2018-08-31",173
"619",12502,"2018-09-01",906
"620",12502,"2018-09-02",883
"621",12502,"2018-09-03",2556
"622",12502,"2018-09-04",1782
"623",12502,"2018-09-05",1826
"624",12502,"2018-09-06",1850
"625",12502,"2018-09-07",1759
"626",12502,"2018-09-08",1522
"627",12502,"2018-09-09",1869
"628",12502,"2018-09-10",1872
"629",12502,"2018-09-11",1944
"630",12502,"2018-09-12",2007
"631",12502,"2018-09-13",1526
"632",12502,"2018-09-14",1839
"633",12502,"2018-09-15",1847
"634",12502,"2018-09-16",1795
"635",12502,"2018-09-17",1608
"636",12502,"2018-09-18",1646
"637",12502,"2018-09-19",1619
"638",12502,"2018-09-20",9215
"639",12502,"2018-09-21",4628
"640",12502,"2018-09-22",7275
"641",12502,"2018-09-23",6756
"642",12502,"2018-09-24",7893
"643",12502,"2018-09-25",6633
"644",12502,"2018-09-26",3745
"645",12502,"2018-09-27",521
"646",12502,"2018-09-28",579
"647",12502,"2018-09-29",496
"648",12502,"2018-09-30",466
"649",12502,"2018-10-01",1174
"650",12502,"2018-10-02",986
"651",12502,"2018-10-03",3002
"652",12502,"2018-10-04",2865
"653",12502,"2018-10-05",2916
"654",12502,"2018-10-06",3680
"655",12502,"2018-10-07",4067
"656",12502,"2018-10-08",3885
"657",12502,"2018-10-09",4206
"658",12502,"2018-10-10",3758
"659",12502,"2018-10-11",3112
"660",12502,"2018-10-12",3313
"661",12502,"2018-10-13",3312
"662",12502,"2018-10-14",3926
"663",12502,"2018-10-15",3259
"664",12502,"2018-10-16",3307
"665",12502,"2018-10-17",3265
"666",12502,"2018-10-18",3449
"667",12502,"2018-10-19",3444
"668",12502,"2018-10-20",3248
"669",12502,"2018-10-21",2857
"670",12502,"2018-10-22",2825
"671",12502,"2018-10-23",2778
"672",12502,"2018-10-24",2706
"673",12502,"2018-10-25",2717
"674",12502,"2018-10-26",1938
"675",12502,"2018-10-27",1477
"676",12502,"2018-10-28",1355
"677",12502,"2018-10-29",1029
"678",12502,"2018-10-30",769
"679",12502,"2018-10-31",306
"680",12502,"2018-11-01",1877
"681",12502,"2018-11-02",1931
"682",12502,"2018-11-03",1686
"683",12502,"2018-11-04",2163
"684",12502,"2018-11-05",1759
"685",12502,"2018-11-06",1177
"686",12502,"2018-11-07",1508
"687",12502,"2018-11-08",1409
"688",12502,"2018-11-09",1141
"689",12502,"2018-11-10",1210
"690",12502,"2018-11-11",1246
"691",12502,"2018-11-12",1138
"692",12502,"2018-11-13",1145
"693",12502,"2018-11-14",1249
"694",12502,"2018-11-15",2555
"695",12502,"2018-11-16",3104
"696",12502,"2018-11-17",2389
"697",12502,"2018-11-18",2372
"698",12502,"2018-11-19",2221
"699",12502,"2018-11-20",1966
"700",12502,"2018-11-21",2069
"701",12502,"2018-11-22",2322
"702",12502,"2018-11-23",2268
"703",12502,"2018-11-24",2609
"704",12502,"2018-11-25",3901
"705",12502,"2018-11-26",3262
"706",12502,"2018-11-27",2096
"707",12502,"2018-11-28",1705
"708",12502,"2018-11-29",794
"709",12502,"2018-11-30",505
"710",12502,"2018-12-01",493
"711",12502,"2018-12-02",892
"712",12502,"2018-12-03",1381
"713",12502,"2018-12-04",1190
"714",12502,"2018-12-05",1162
"715",12502,"2018-12-06",1191
"716",12502,"2018-12-07",1164
"717",12502,"2018-12-08",1556
"718",12502,"2018-12-09",1217
"719",12502,"2018-12-10",1050
"720",12502,"2018-12-11",1033
"721",12502,"2018-12-12",9373
"722",12502,"2018-12-13",4133
"723",12502,"2018-12-14",12880
"724",12502,"2018-12-15",12981
"725",12502,"2018-12-16",10087
"726",12502,"2018-12-17",11536
"727",12502,"2018-12-18",2187
"728",12502,"2018-12-19",32642
"729",12502,"2018-12-20",24634
"730",12502,"2018-12-21",31718
"731",12502,"2018-12-22",20034
"732",12502,"2018-12-23",60536
"733",12502,"2018-12-24",16536
"734",12502,"2018-12-25",11104
"735",12502,"2018-12-26",21257
"736",12502,"2018-12-27",35146
"737",12502,"2018-12-28",27556
"738",12502,"2018-12-29",7367
"739",12502,"2018-12-30",3490
"740",12502,"2018-12-31",124
"741",12502,"2019-01-01",48
"742",12502,"2019-01-02",378
"743",12502,"2019-01-03",2109
"744",12502,"2019-01-04",4317
"745",12502,"2019-01-05",2995
"746",12502,"2019-01-06",3650
"747",12502,"2019-01-07",3642
"748",12502,"2019-01-08",3574
"749",12502,"2019-01-09",3261
"750",12502,"2019-01-10",3307
"751",12502,"2019-01-11",8408
"752",12502,"2019-01-12",12544
"753",12502,"2019-01-13",12411
"754",12502,"2019-01-14",8379
"755",12502,"2019-01-15",9259
"756",12502,"2019-01-16",16875
"757",12502,"2019-01-17",12226
"758",12502,"2019-01-18",12197
"759",12502,"2019-01-19",13959
"760",12502,"2019-01-20",21480
"761",12502,"2019-01-21",22424
"762",12502,"2019-01-22",11671
"763",12502,"2019-01-23",13
"764",12502,"2019-01-24",28
"765",12502,"2019-01-25",379
"766",12502,"2019-01-26",34669
"767",12502,"2019-01-27",40019
"768",12502,"2019-01-28",15193
"769",12502,"2019-01-29",10241
"770",12502,"2019-01-30",13018
"771",12502,"2019-01-31",2072
"772",12503,"2018-08-30",17
"773",12503,"2018-09-04",3
"774",12503,"2018-09-08",1
"775",12503,"2018-09-11",1
"776",12503,"2018-09-19",707
"777",12503,"2018-09-20",1780
"778",12503,"2018-09-21",1283
"779",12503,"2018-09-22",2432
"780",12503,"2018-09-23",2438
"781",12503,"2018-09-24",2196
"782",12503,"2018-09-25",2271
"783",12503,"2018-09-26",1715
"784",12503,"2018-09-27",892
"785",12503,"2018-09-28",1317
"786",12503,"2018-09-29",327
"787",12503,"2018-09-30",19
"788",12503,"2018-10-01",1150
"789",12503,"2018-10-02",960
"790",12503,"2018-10-03",593
"791",12503,"2018-10-04",717
"792",12503,"2018-10-05",677
"793",12503,"2018-10-06",738
"794",12503,"2018-10-07",612
"795",12503,"2018-10-08",531
"796",12503,"2018-10-09",534
"797",12503,"2018-10-10",762
"798",12503,"2018-10-11",619
"799",12503,"2018-10-12",587
"800",12503,"2018-10-13",624
"801",12503,"2018-10-14",498
"802",12503,"2018-10-15",679
"803",12503,"2018-10-16",630
"804",12503,"2018-10-17",570
"805",12503,"2018-10-18",488
"806",12503,"2018-10-19",575
"807",12503,"2018-10-20",600
"808",12503,"2018-10-21",573
"809",12503,"2018-10-22",518
"810",12503,"2018-10-23",532
"811",12503,"2018-10-24",472
"812",12503,"2018-10-25",622
"813",12503,"2018-10-26",578
"814",12503,"2018-10-27",537
"815",12503,"2018-10-28",576
"816",12503,"2018-10-29",108
"817",12503,"2018-10-30",9
"818",12503,"2018-10-31",523
"819",12503,"2018-11-01",1256
"820",12503,"2018-11-02",1380
"821",12503,"2018-11-03",1283
"822",12503,"2018-11-04",1354
"823",12503,"2018-11-05",1018
"824",12503,"2018-11-06",491
"825",12503,"2018-11-07",628
"826",12503,"2018-11-08",696
"827",12503,"2018-11-09",645
"828",12503,"2018-11-10",774
"829",12503,"2018-11-11",681
"830",12503,"2018-11-12",784
"831",12503,"2018-11-13",995
"832",12503,"2018-11-14",865
"833",12503,"2018-11-15",930
"834",12503,"2018-11-16",993
"835",12503,"2018-11-17",882
"836",12503,"2018-11-18",966
"837",12503,"2018-11-19",901
"838",12503,"2018-11-20",801
"839",12503,"2018-11-21",1062
"840",12503,"2018-11-22",994
"841",12503,"2018-11-23",997
"842",12503,"2018-11-24",979
"843",12503,"2018-11-25",1078
"844",12503,"2018-11-26",1415
"845",12503,"2018-11-27",808
"846",12503,"2018-11-28",705
"847",12503,"2018-11-29",355
"848",12503,"2018-11-30",511
"849",12503,"2018-12-01",977
"850",12503,"2018-12-02",1130
"851",12503,"2018-12-03",897
"852",12503,"2018-12-04",833
"853",12503,"2018-12-05",736
"854",12503,"2018-12-06",707
"855",12503,"2018-12-07",712
"856",12503,"2018-12-08",807
"857",12503,"2018-12-09",693
"858",12503,"2018-12-10",575
"859",12503,"2018-12-11",453
"860",12503,"2018-12-12",315
"861",12503,"2018-12-13",498
"862",12503,"2018-12-14",798
"863",12503,"2018-12-15",797
"864",12503,"2018-12-16",774
"865",12503,"2018-12-17",715
"866",12503,"2018-12-18",844
"867",12503,"2018-12-19",679
"868",12503,"2018-12-20",660
"869",12503,"2018-12-21",719
"870",12503,"2018-12-22",694
"871",12503,"2018-12-23",716
"872",12503,"2018-12-24",560
"873",12503,"2018-12-25",515
"874",12503,"2018-12-26",502
"875",12503,"2018-12-27",496
"876",12503,"2018-12-28",533
"877",12503,"2018-12-29",468
"878",12503,"2018-12-30",405
"879",12503,"2018-12-31",43
"880",12503,"2019-01-01",56
"881",12503,"2019-01-02",462
"882",12503,"2019-01-03",2941
"883",12503,"2019-01-04",3037
"884",12503,"2019-01-05",2843
"885",12503,"2019-01-06",2719
"886",12503,"2019-01-07",3097
"887",12503,"2019-01-08",2534
"888",12503,"2019-01-09",2569
"889",12503,"2019-01-10",2552
"890",12503,"2019-01-11",1804
"891",12503,"2019-01-12",3188
"892",12503,"2019-01-13",4601
"893",12503,"2019-01-14",4502
"894",12503,"2019-01-15",2713
"895",12503,"2019-01-16",2785
"896",12503,"2019-01-17",2995
"897",12503,"2019-01-18",2862
"898",12503,"2019-01-19",13490
"899",12503,"2019-01-20",96052
"900",12503,"2019-01-21",26556
"901",12503,"2019-01-22",16049
"902",12503,"2019-01-23",11
"903",12503,"2019-01-24",21
"904",12503,"2019-01-25",1813
"905",12503,"2019-01-26",21538
"906",12503,"2019-01-27",21592
"907",12503,"2019-01-28",24222
"908",12503,"2019-01-29",3365
"909",12503,"2019-01-30",1164
"910",12503,"2019-01-31",394
"911",12505,"2018-08-30",4
"912",12505,"2018-09-07",3
"913",12505,"2018-09-08",6
"914",12505,"2018-09-12",6
"915",12505,"2018-09-14",47
"916",12505,"2018-09-15",428
"917",12505,"2018-09-16",738
"918",12505,"2018-09-17",942
"919",12505,"2018-09-18",844
"920",12505,"2018-09-19",1464
"921",12505,"2018-09-20",2620
"922",12505,"2018-09-21",5138
"923",12505,"2018-09-22",6007
"924",12505,"2018-09-23",7158
"925",12505,"2018-09-24",6738
"926",12505,"2018-09-25",35401
"927",12505,"2018-09-26",37795
"928",12505,"2018-09-27",37817
"929",12505,"2018-09-28",38736
"930",12505,"2018-09-29",15392
"931",12505,"2018-09-30",247
"932",12505,"2018-10-01",562
"933",12505,"2018-10-02",307
"934",12505,"2018-10-03",396
"935",12505,"2018-10-04",247
"936",12505,"2018-10-05",212
"937",12505,"2018-10-06",195
"938",12505,"2018-10-07",250
"939",12505,"2018-10-08",219
"940",12505,"2018-10-09",369
"941",12505,"2018-10-10",217
"942",12505,"2018-10-11",259
"943",12505,"2018-10-12",173
"944",12505,"2018-10-13",328
"945",12505,"2018-10-14",185
"946",12505,"2018-10-15",318
"947",12505,"2018-10-16",170
"948",12505,"2018-10-17",334
"949",12505,"2018-10-18",107
"950",12505,"2018-10-19",309
"951",12505,"2018-10-20",165
"952",12505,"2018-10-21",351
"953",12505,"2018-10-22",173
"954",12505,"2018-10-23",296
"955",12505,"2018-10-24",203
"956",12505,"2018-10-25",181
"957",12505,"2018-10-26",206
"958",12505,"2018-10-27",272
"959",12505,"2018-10-28",182
"960",12505,"2018-10-29",150
"961",12505,"2018-10-30",9
"962",12505,"2018-10-31",18
"963",12505,"2018-11-01",11
"964",12505,"2018-11-02",17
"965",12505,"2018-11-03",12
"966",12505,"2018-11-04",7
"967",12505,"2018-11-05",33
"968",12505,"2018-11-06",5
"969",12505,"2018-11-07",22
"970",12505,"2018-11-08",3
"971",12505,"2018-11-09",7
"972",12505,"2018-11-10",17
"973",12505,"2018-11-11",18
"974",12505,"2018-11-12",10
"975",12505,"2018-11-13",8
"976",12505,"2018-11-14",14
"977",12505,"2018-11-15",8
"978",12505,"2018-11-16",501
"979",12505,"2018-11-17",461
"980",12505,"2018-11-18",817
"981",12505,"2018-11-19",822
"982",12505,"2018-11-20",274
"983",12505,"2018-11-21",425
"984",12505,"2018-11-22",903
"985",12505,"2018-11-23",4346
"986",12505,"2018-11-24",5900
"987",12505,"2018-11-25",4840
"988",12505,"2018-11-26",5088
"989",12505,"2018-11-27",4960
"990",12505,"2018-11-28",3979
"991",12505,"2018-11-29",2363
"992",12505,"2018-11-30",421
"993",12505,"2018-12-01",104
"994",12505,"2018-12-02",81
"995",12505,"2018-12-03",87
"996",12505,"2018-12-04",69
"997",12505,"2018-12-05",61
"998",12505,"2018-12-06",52
"999",12505,"2018-12-07",58
"1000",12505,"2018-12-08",24
"1001",12505,"2018-12-09",37
"1002",12505,"2018-12-10",27
"1003",12505,"2018-12-11",43
"1004",12505,"2018-12-12",34
"1005",12505,"2018-12-13",44
"1006",12505,"2018-12-14",25
"1007",12505,"2018-12-15",15
"1008",12505,"2018-12-16",19
"1009",12505,"2018-12-17",27
"1010",12505,"2018-12-18",22
"1011",12505,"2018-12-19",23
"1012",12505,"2018-12-20",19
"1013",12505,"2018-12-21",17
"1014",12505,"2018-12-22",16
"1015",12505,"2018-12-23",9
"1016",12505,"2018-12-24",12
"1017",12505,"2018-12-25",14
"1018",12505,"2018-12-26",25
"1019",12505,"2018-12-27",10
"1020",12505,"2018-12-28",5
"1021",12505,"2018-12-29",11
"1022",12505,"2018-12-30",11
"1023",12505,"2018-12-31",1
"1024",12505,"2019-01-01",2
"1025",12505,"2019-01-02",12
"1026",12505,"2019-01-03",8
"1027",12505,"2019-01-04",12
"1028",12505,"2019-01-05",4
"1029",12505,"2019-01-06",6
"1030",12505,"2019-01-07",14
"1031",12505,"2019-01-08",24
"1032",12505,"2019-01-09",454
"1033",12505,"2019-01-10",3487
"1034",12505,"2019-01-11",3666
"1035",12505,"2019-01-12",5347
"1036",12505,"2019-01-13",5391
"1037",12505,"2019-01-14",4304
"1038",12505,"2019-01-15",3710
"1039",12505,"2019-01-16",4069
"1040",12505,"2019-01-17",5978
"1041",12505,"2019-01-18",5446
"1042",12505,"2019-01-19",8458
"1043",12505,"2019-01-20",22710
"1044",12505,"2019-01-21",8525
"1045",12505,"2019-01-22",8071
"1046",12505,"2019-01-23",28
"1047",12505,"2019-01-24",22
"1048",12505,"2019-01-25",4058
"1049",12505,"2019-01-26",13039
"1050",12505,"2019-01-27",7690
"1051",12505,"2019-01-28",5570
"1052",12505,"2019-01-29",409
"1053",12505,"2019-01-30",308
"1054",12505,"2019-01-31",196
"1055",13001,"2018-09-03",2
"1056",13001,"2018-09-04",898
"1057",13001,"2018-09-05",3910
"1058",13001,"2018-09-06",4274
"1059",13001,"2018-09-07",4579
"1060",13001,"2018-09-08",6347
"1061",13001,"2018-09-09",6490
"1062",13001,"2018-09-10",5006
"1063",13001,"2018-09-11",8212
"1064",13001,"2018-09-12",4534
"1065",13001,"2018-09-13",6043
"1066",13001,"2018-09-14",1667
"1067",13001,"2018-09-15",2345
"1068",13001,"2018-09-16",1574
"1069",13001,"2018-09-17",1637
"1070",13001,"2018-09-18",2263
"1071",13001,"2018-09-19",5831
"1072",13001,"2018-09-20",4667
"1073",13001,"2018-09-21",931
"1074",13001,"2018-09-22",1433
"1075",13001,"2018-09-23",9715
"1076",13001,"2018-09-24",9308
"1077",13001,"2018-09-25",9486
"1078",13001,"2018-09-26",8933
"1079",13001,"2018-09-27",8024
"1080",13001,"2018-09-28",4473
"1081",13001,"2018-09-29",1893
"1082",13001,"2018-09-30",503
"1083",13001,"2018-10-01",570
"1084",13001,"2018-10-02",411
"1085",13001,"2018-10-03",399
"1086",13001,"2018-10-04",400
"1087",13001,"2018-10-05",267
"1088",13001,"2018-10-06",443
"1089",13001,"2018-10-07",364
"1090",13001,"2018-10-08",349
"1091",13001,"2018-10-09",5106
"1092",13001,"2018-10-10",3168
"1093",13001,"2018-10-11",3536
"1094",13001,"2018-10-12",3545
"1095",13001,"2018-10-13",1719
"1096",13001,"2018-10-14",3306
"1097",13001,"2018-10-15",3896
"1098",13001,"2018-10-16",1923
"1099",13001,"2018-10-17",674
"1100",13001,"2018-10-18",579
"1101",13001,"2018-10-19",693
"1102",13001,"2018-10-20",804
"1103",13001,"2018-10-21",846
"1104",13001,"2018-10-22",749
"1105",13001,"2018-10-23",2557
"1106",13001,"2018-10-24",2621
"1107",13001,"2018-10-25",2479
"1108",13001,"2018-10-26",3242
"1109",13001,"2018-10-27",3236
"1110",13001,"2018-10-28",212
"1111",13001,"2018-10-29",106
"1112",13001,"2018-10-30",62
"1113",13001,"2018-10-31",60
"1114",13001,"2018-11-01",69
"1115",13001,"2018-11-02",46
"1116",13001,"2018-11-03",34
"1117",13001,"2018-11-04",47
"1118",13001,"2018-11-05",33
"1119",13001,"2018-11-06",31
"1120",13001,"2018-11-07",30
"1121",13001,"2018-11-08",25
"1122",13001,"2018-11-09",23
"1123",13001,"2018-11-10",17
"1124",13001,"2018-11-11",10
"1125",13001,"2018-11-12",25
"1126",13001,"2018-11-13",11
"1127",13001,"2018-11-14",10
"1128",13001,"2018-11-15",11
"1129",13001,"2018-11-16",14
"1130",13001,"2018-11-17",11
"1131",13001,"2018-11-18",12
"1132",13001,"2018-11-19",12
"1133",13001,"2018-11-20",14
"1134",13001,"2018-11-21",5
"1135",13001,"2018-11-22",6
"1136",13001,"2018-11-23",15
"1137",13001,"2018-11-24",10
"1138",13001,"2018-11-25",10
"1139",13001,"2018-11-26",5
"1140",13001,"2018-11-27",10
"1141",13001,"2018-11-28",6
"1142",13001,"2018-11-29",10
"1143",13001,"2018-11-30",9
"1144",13001,"2018-12-01",6
"1145",13001,"2018-12-02",12
"1146",13001,"2018-12-03",6
"1147",13001,"2018-12-04",6
"1148",13001,"2018-12-05",4
"1149",13001,"2018-12-06",4
"1150",13001,"2018-12-07",7
"1151",13001,"2018-12-08",3
"1152",13001,"2018-12-09",5
"1153",13001,"2018-12-10",3
"1154",13001,"2018-12-11",6
"1155",13001,"2018-12-12",20
"1156",13001,"2018-12-13",7
"1157",13001,"2018-12-14",8
"1158",13001,"2018-12-15",1
"1159",13001,"2018-12-16",6
"1160",13001,"2018-12-17",8
"1161",13001,"2018-12-18",11
"1162",13001,"2018-12-19",2
"1163",13001,"2018-12-20",6
"1164",13001,"2018-12-21",4
"1165",13001,"2018-12-22",1
"1166",13001,"2018-12-23",5
"1167",13001,"2018-12-24",4
"1168",13001,"2018-12-25",6
"1169",13001,"2018-12-26",3
"1170",13001,"2018-12-27",2
"1171",13001,"2018-12-28",1
"1172",13001,"2018-12-29",4
"1173",13001,"2019-01-02",4
"1174",13001,"2019-01-03",580
"1175",13001,"2019-01-04",263
"1176",13001,"2019-01-05",441
"1177",13001,"2019-01-06",470
"1178",13001,"2019-01-07",367
"1179",13001,"2019-01-08",498
"1180",13001,"2019-01-09",313
"1181",13001,"2019-01-10",459
"1182",13001,"2019-01-11",409
"1183",13001,"2019-01-12",399
"1184",13001,"2019-01-13",444
"1185",13001,"2019-01-14",622
"1186",13001,"2019-01-15",1263
"1187",13001,"2019-01-16",1631
"1188",13001,"2019-01-17",1989
"1189",13001,"2019-01-18",1753
"1190",13001,"2019-01-19",1642
"1191",13001,"2019-01-20",2383
"1192",13001,"2019-01-21",1552
"1193",13001,"2019-01-22",915
"1194",13001,"2019-01-23",5
"1195",13001,"2019-01-24",12
"1196",13001,"2019-01-25",600
"1197",13001,"2019-01-26",1369
"1198",13001,"2019-01-27",1060
"1199",13001,"2019-01-28",1333
"1200",13001,"2019-01-29",2035
"1201",13001,"2019-01-30",81
"1202",13001,"2019-01-31",29
"1203",13002,"2018-09-05",5
"1204",13002,"2018-09-08",2
"1205",13002,"2018-09-10",2
"1206",13002,"2018-09-13",4902
"1207",13002,"2018-09-14",2727
"1208",13002,"2018-09-15",7018
"1209",13002,"2018-09-16",7172
"1210",13002,"2018-09-17",3227
"1211",13002,"2018-09-18",3393
"1212",13002,"2018-09-19",5258
"1213",13002,"2018-09-20",5780
"1214",13002,"2018-09-21",6228
"1215",13002,"2018-09-22",9143
"1216",13002,"2018-09-23",42311
"1217",13002,"2018-09-24",12851
"1218",13002,"2018-09-25",16016
"1219",13002,"2018-09-26",8583
"1220",13002,"2018-09-27",6571
"1221",13002,"2018-09-28",27557
"1222",13002,"2018-09-29",532
"1223",13002,"2018-09-30",255
"1224",13002,"2018-10-01",152
"1225",13002,"2018-10-02",128
"1226",13002,"2018-10-03",73
"1227",13002,"2018-10-04",56
"1228",13002,"2018-10-05",62
"1229",13002,"2018-10-06",46
"1230",13002,"2018-10-07",38
"1231",13002,"2018-10-08",48
"1232",13002,"2018-10-09",54
"1233",13002,"2018-10-10",32
"1234",13002,"2018-10-11",27
"1235",13002,"2018-10-12",33
"1236",13002,"2018-10-13",26
"1237",13002,"2018-10-14",22
"1238",13002,"2018-10-15",20
"1239",13002,"2018-10-16",12
"1240",13002,"2018-10-17",38
"1241",13002,"2018-10-18",44
"1242",13002,"2018-10-19",39
"1243",13002,"2018-10-20",9
"1244",13002,"2018-10-21",20
"1245",13002,"2018-10-22",15
"1246",13002,"2018-10-23",21
"1247",13002,"2018-10-24",13
"1248",13002,"2018-10-25",11
"1249",13002,"2018-10-26",19
"1250",13002,"2018-10-27",7
"1251",13002,"2018-10-28",4
"1252",13002,"2018-10-29",9
"1253",13002,"2018-10-30",5
"1254",13002,"2018-10-31",6
"1255",13002,"2018-11-01",9
"1256",13002,"2018-11-02",7
"1257",13002,"2018-11-03",8
"1258",13002,"2018-11-04",4
"1259",13002,"2018-11-05",3
"1260",13002,"2018-11-06",7
"1261",13002,"2018-11-07",8
"1262",13002,"2018-11-08",7
"1263",13002,"2018-11-09",5
"1264",13002,"2018-11-10",4
"1265",13002,"2018-11-11",3
"1266",13002,"2018-11-12",6
"1267",13002,"2018-11-13",9
"1268",13002,"2018-11-14",3
"1269",13002,"2018-11-15",4
"1270",13002,"2018-11-16",8
"1271",13002,"2018-11-17",7
"1272",13002,"2018-11-18",1
"1273",13002,"2018-11-19",8
"1274",13002,"2018-11-20",3
"1275",13002,"2018-11-22",3
"1276",13002,"2018-11-23",2
"1277",13002,"2018-11-24",3
"1278",13002,"2018-11-25",1
"1279",13002,"2018-11-26",1
"1280",13002,"2018-11-27",1
"1281",13002,"2018-11-28",7
"1282",13002,"2018-11-29",3
"1283",13002,"2018-11-30",5
"1284",13002,"2018-12-01",2
"1285",13002,"2018-12-02",1
"1286",13002,"2018-12-03",1
"1287",13002,"2018-12-04",4
"1288",13002,"2018-12-05",5
"1289",13002,"2018-12-06",1
"1290",13002,"2018-12-07",2
"1291",13002,"2018-12-08",3
"1292",13002,"2018-12-09",3
"1293",13002,"2018-12-10",5
"1294",13002,"2018-12-11",1
"1295",13002,"2018-12-12",7
"1296",13002,"2018-12-13",75
"1297",13002,"2018-12-14",2
"1298",13002,"2018-12-15",4
"1299",13002,"2018-12-16",3
"1300",13002,"2018-12-17",5
"1301",13002,"2018-12-18",2
"1302",13002,"2018-12-19",5
"1303",13002,"2018-12-20",2
"1304",13002,"2018-12-21",2
"1305",13002,"2018-12-22",3
"1306",13002,"2018-12-23",2
"1307",13002,"2018-12-24",2
"1308",13002,"2018-12-25",2
"1309",13002,"2018-12-27",2
"1310",13002,"2018-12-28",3
"1311",13002,"2018-12-29",3
"1312",13002,"2018-12-30",2
"1313",13002,"2019-01-01",1
"1314",13002,"2019-01-02",1
"1315",13002,"2019-01-03",3
"1316",13002,"2019-01-04",3
"1317",13002,"2019-01-05",2
"1318",13002,"2019-01-07",18
"1319",13002,"2019-01-08",5
"1320",13002,"2019-01-09",12
"1321",13002,"2019-01-10",2203
"1322",13002,"2019-01-11",1950
"1323",13002,"2019-01-12",2421
"1324",13002,"2019-01-13",2423
"1325",13002,"2019-01-14",1620
"1326",13002,"2019-01-15",1585
"1327",13002,"2019-01-16",1705
"1328",13002,"2019-01-17",2206
"1329",13002,"2019-01-18",1902
"1330",13002,"2019-01-19",2060
"1331",13002,"2019-01-20",7756
"1332",13002,"2019-01-21",4575
"1333",13002,"2019-01-22",3167
"1334",13002,"2019-01-23",5
"1335",13002,"2019-01-24",9
"1336",13002,"2019-01-25",1893
"1337",13002,"2019-01-26",6190
"1338",13002,"2019-01-27",2688
"1339",13002,"2019-01-28",3434
"1340",13002,"2019-01-29",4399
"1341",13002,"2019-01-30",4596
"1342",13002,"2019-01-31",130
"1343",13003,"2018-08-29",1372
"1344",13003,"2018-08-30",1595
"1345",13003,"2018-08-31",564
"1346",13003,"2018-09-01",401
"1347",13003,"2018-09-02",675
"1348",13003,"2018-09-03",683
"1349",13003,"2018-09-04",413
"1350",13003,"2018-09-05",222
"1351",13003,"2018-09-06",23
"1352",13003,"2018-09-07",36
"1353",13003,"2018-09-08",25
"1354",13003,"2018-09-09",44
"1355",13003,"2018-09-10",53
"1356",13003,"2018-09-11",25
"1357",13003,"2018-09-12",25
"1358",13003,"2018-09-13",17
"1359",13003,"2018-09-14",24
"1360",13003,"2018-09-15",38
"1361",13003,"2018-09-16",27
"1362",13003,"2018-09-17",104
"1363",13003,"2018-09-18",438
"1364",13003,"2018-09-19",4119
"1365",13003,"2018-09-20",4363
"1366",13003,"2018-09-21",5289
"1367",13003,"2018-09-22",5821
"1368",13003,"2018-09-23",4867
"1369",13003,"2018-09-24",4727
"1370",13003,"2018-09-25",2347
"1371",13003,"2018-09-26",367
"1372",13003,"2018-09-27",220
"1373",13003,"2018-09-28",160
"1374",13003,"2018-09-29",157
"1375",13003,"2018-09-30",478
"1376",13003,"2018-10-01",888
"1377",13003,"2018-10-02",708
"1378",13003,"2018-10-03",1029
"1379",13003,"2018-10-04",637
"1380",13003,"2018-10-05",634
"1381",13003,"2018-10-06",686
"1382",13003,"2018-10-07",638
"1383",13003,"2018-10-08",721
"1384",13003,"2018-10-09",5479
"1385",13003,"2018-10-10",5353
"1386",13003,"2018-10-11",7389
"1387",13003,"2018-10-12",5366
"1388",13003,"2018-10-13",4856
"1389",13003,"2018-10-14",5297
"1390",13003,"2018-10-15",5181
"1391",13003,"2018-10-16",4602
"1392",13003,"2018-10-17",4798
"1393",13003,"2018-10-18",3949
"1394",13003,"2018-10-19",4108
"1395",13003,"2018-10-20",4149
"1396",13003,"2018-10-21",4334
"1397",13003,"2018-10-22",4380
"1398",13003,"2018-10-23",1775
"1399",13003,"2018-10-24",163
"1400",13003,"2018-10-25",159
"1401",13003,"2018-10-26",206
"1402",13003,"2018-10-27",128
"1403",13003,"2018-10-28",132
"1404",13003,"2018-10-29",34877
"1405",13003,"2018-10-30",1675
"1406",13003,"2018-10-31",444
"1407",13003,"2018-11-01",483
"1408",13003,"2018-11-02",611
"1409",13003,"2018-11-03",426
"1410",13003,"2018-11-04",415
"1411",13003,"2018-11-05",1995
"1412",13003,"2018-11-06",774
"1413",13003,"2018-11-07",5388
"1414",13003,"2018-11-08",3993
"1415",13003,"2018-11-09",5325
"1416",13003,"2018-11-10",5836
"1417",13003,"2018-11-11",6323
"1418",13003,"2018-11-12",8127
"1419",13003,"2018-11-13",6043
"1420",13003,"2018-11-14",6752
"1421",13003,"2018-11-15",8011
"1422",13003,"2018-11-16",10502
"1423",13003,"2018-11-17",7876
"1424",13003,"2018-11-18",8966
"1425",13003,"2018-11-19",9515
"1426",13003,"2018-11-20",7546
"1427",13003,"2018-11-21",7852
"1428",13003,"2018-11-22",5572
"1429",13003,"2018-11-23",5706
"1430",13003,"2018-11-24",4710
"1431",13003,"2018-11-25",5100
"1432",13003,"2018-11-26",5094
"1433",13003,"2018-11-27",3664
"1434",13003,"2018-11-28",3202
"1435",13003,"2018-11-29",1764
"1436",13003,"2018-11-30",978
"1437",13003,"2018-12-01",4599
"1438",13003,"2018-12-02",9204
"1439",13003,"2018-12-03",8207
"1440",13003,"2018-12-04",8946
"1441",13003,"2018-12-05",8442
"1442",13003,"2018-12-06",12459
"1443",13003,"2018-12-07",10691
"1444",13003,"2018-12-08",10287
"1445",13003,"2018-12-09",8605
"1446",13003,"2018-12-10",8730
"1447",13003,"2018-12-11",9763
"1448",13003,"2018-12-12",11789
"1449",13003,"2018-12-13",10100
"1450",13003,"2018-12-14",10174
"1451",13003,"2018-12-15",9790
"1452",13003,"2018-12-16",10721
"1453",13003,"2018-12-17",18873
"1454",13003,"2018-12-18",18793
"1455",13003,"2018-12-19",26443
"1456",13003,"2018-12-20",22250
"1457",13003,"2018-12-21",14605
"1458",13003,"2018-12-22",12436
"1459",13003,"2018-12-23",25120
"1460",13003,"2018-12-24",39418
"1461",13003,"2018-12-25",33810
"1462",13003,"2018-12-26",28772
"1463",13003,"2018-12-27",25087
"1464",13003,"2018-12-28",11488
"1465",13003,"2018-12-29",3783
"1466",13003,"2018-12-30",675
"1467",13003,"2018-12-31",231
"1468",13003,"2019-01-01",1202
"1469",13003,"2019-01-02",1144
"1470",13003,"2019-01-03",5498
"1471",13003,"2019-01-04",3747
"1472",13003,"2019-01-05",4156
"1473",13003,"2019-01-06",4556
"1474",13003,"2019-01-07",4409
"1475",13003,"2019-01-08",4391
"1476",13003,"2019-01-09",3982
"1477",13003,"2019-01-10",4038
"1478",13003,"2019-01-11",4779
"1479",13003,"2019-01-12",5461
"1480",13003,"2019-01-13",5417
"1481",13003,"2019-01-14",4044
"1482",13003,"2019-01-15",4201
"1483",13003,"2019-01-16",4177
"1484",13003,"2019-01-17",3383
"1485",13003,"2019-01-18",2974
"1486",13003,"2019-01-19",2660
"1487",13003,"2019-01-20",9507
"1488",13003,"2019-01-21",6863
"1489",13003,"2019-01-22",2217
"1490",13003,"2019-01-23",54
"1491",13003,"2019-01-24",62
"1492",13003,"2019-01-25",4189
"1493",13003,"2019-01-26",24195
"1494",13003,"2019-01-27",14924
"1495",13003,"2019-01-28",6030
"1496",13003,"2019-01-29",25304
"1497",13003,"2019-01-30",15362
"1498",13003,"2019-01-31",2794
